filename,Gender,Race/Ethnicity,Age
00055.png,Woman,asian,29
00408.png,Man,white,29
00275.png,Woman,asian,31
00265.png,Man,black,42
00424.png,Man,white,23
00362.png,Man,white,43
00415.png,Man,white,36
00365.png,Woman,white,26
00247.png,Man,white,29
00404.png,Man,white,33
00411.png,Woman,white,21
00409.png,Man,white,27
00374.png,Woman,white,28
00368.png,Woman,white,35
00282.png,Woman,white,43
00288.png,Man,white,45
00296.png,Man,asian,34
00240.png,Man,white,29
00353.png,Man,white,31
00356.png,Man,asian,23
00352.png,Woman,white,35
00297.png,Man,white,23
00421.png,Man,asian,31
00284.png,Man,white,33
00407.png,Woman,white,34
00293.png,Woman,white,31
00298.png,Woman,white,35
00366.png,Woman,white,23
00403.png,Woman,asian,30
00285.png,Man,asian,29
00279.png,Man,middle eastern,30
00358.png,Man,black,27
00272.png,Man,white,33
00414.png,Man,latino hispanic,29
00269.png,Man,latino hispanic,28
00244.png,Woman,asian,34
00286.png,Man,asian,22
00290.png,Woman,white,28
00373.png,Woman,white,31
00287.png,Man,white,22
00370.png,Man,middle eastern,33
00270.png,Man,middle eastern,25
00295.png,Man,latino hispanic,29
00249.png,Woman,white,33
00400.png,Woman,latino hispanic,30
00292.png,Man,asian,31
00369.png,Woman,white,27
00262.png,Man,asian,35
00418.png,Man,black,31
00406.png,Man,white,24
00271.png,Man,latino hispanic,29
00413.png,Man,latino hispanic,36
00364.png,Woman,asian,21
00405.png,Woman,asian,29
00253.png,Woman,asian,34
00363.png,Man,white,32
00416.png,Man,latino hispanic,39
00412.png,Man,white,27
00333.png,Man,white,46
00281.png,Man,white,26
00419.png,Man,white,32
00245.png,Man,asian,23
00291.png,Man,white,29
00241.png,Man,asian,31
00258.png,Man,white,40
00263.png,Man,white,22
00450.png,Man,white,35
00243.png,Woman,white,28
00357.png,Man,asian,28
00277.png,Man,white,26
00351.png,Man,black,33
00360.png,Man,white,28
00257.png,Man,white,40
00261.png,Woman,white,32
00255.png,Man,white,33
00299.png,Woman,white,31
00401.png,Man,white,47
00417.png,Woman,asian,32
00237.png,Woman,latino hispanic,42
00367.png,Man,latino hispanic,29
00266.png,Woman,white,30
00289.png,Woman,white,35
00259.png,Man,white,32
00278.png,Man,white,25
00246.png,Woman,white,36
00420.png,Man,white,30
00273.png,Man,white,36
00410.png,Woman,white,33
00268.png,Man,white,25
00379.png,Man,middle eastern,32
00361.png,Man,indian,27
00242.png,Man,white,21
00402.png,Man,asian,28
00372.png,Woman,white,39
00350.png,Woman,white,27
00359.png,Woman,white,42
00280.png,Man,white,30
00422.png,Man,white,29
00355.png,Man,white,26
00283.png,Woman,white,39
00423.png,Man,white,32
00260.png,Woman,middle eastern,32
00354.png,Woman,latino hispanic,32
00267.png,Man,middle eastern,25
00276.png,Man,white,35
00248.png,Man,latino hispanic,34
00371.png,Man,asian,25
00274.png,Man,latino hispanic,47
00264.png,Man,white,45
00294.png,Woman,white,39
